{
    "username": "aru123",
    "problem_count": 3,
    "average_rating": 1933.3333333333333,
    "highest_rating": 2200,
    "first_attempt_percentage": 33.33333333333333
}